{
  "id": "5057217",
  "name": "图标",
  "font_family": "iconfont",
  "css_prefix_text": "icon-",
  "description": "",
  "glyphs": [
    {
      "icon_id": "15838435",
      "name": "bad",
      "font_class": "bad",
      "unicode": "e666",
      "unicode_decimal": 58982
    },
    {
      "icon_id": "15838438",
      "name": "arrow-double-right",
      "font_class": "arrow-double-right",
      "unicode": "e665",
      "unicode_decimal": 58981
    },
    {
      "icon_id": "15838444",
      "name": "close",
      "font_class": "close",
      "unicode": "e668",
      "unicode_decimal": 58984
    },
    {
      "icon_id": "15838459",
      "name": "direction-down-circle",
      "font_class": "direction-down-circle",
      "unicode": "e66b",
      "unicode_decimal": 58987
    },
    {
      "icon_id": "33986993",
      "name": "举报",
      "font_class": "jubao",
      "unicode": "e61d",
      "unicode_decimal": 58909
    },
    {
      "icon_id": "33986998",
      "name": "更多",
      "font_class": "gengduo",
      "unicode": "e61e",
      "unicode_decimal": 58910
    },
    {
      "icon_id": "33987002",
      "name": "返回",
      "font_class": "fanhui",
      "unicode": "e61f",
      "unicode_decimal": 58911
    },
    {
      "icon_id": "33987016",
      "name": "上传图片",
      "font_class": "shangchuantupian",
      "unicode": "e620",
      "unicode_decimal": 58912
    },
    {
      "icon_id": "33987169",
      "name": "进入",
      "font_class": "jinru",
      "unicode": "e621",
      "unicode_decimal": 58913
    }
  ]
}
